{
    "learning_rate": 0.012,
    "depth": 6,
    "subsample": 1.0,
    "l2_leaf_reg": 8.431752156593351,
    "min_data_in_leaf": 90,
    "random_strength": 5.685291548026065,
    "bagging_temperature": 0.23205569342544505,
    "colsample_bylevel": 0.9824789346563826
}