{
    "learning_rate": 0.016,
    "depth": 5,
    "subsample": 0.4,
    "l2_leaf_reg": 7.777199253863327,
    "min_data_in_leaf": 50,
    "random_strength": 9.406568977265469,
    "bagging_temperature": 0.23609089462675786,
    "colsample_bylevel": 0.15225106197683597
}