{
    "reg_lambda": 3.9752389222703144,
    "reg_alpha": 0.12818660561996767,
    "colsample_bytree": 0.3,
    "subsample": 0.7,
    "learning_rate": 0.01,
    "n_estimators": 930,
    "num_leaves": 122,
    "min_child_samples": 132,
    "max_depth": 16,
    "min_child_weight": 158
}