{
    "reg_lambda": 5.976058266043061,
    "reg_alpha": 0.32315740018763595,
    "colsample_bytree": 0.3,
    "subsample": 0.8,
    "learning_rate": 0.012,
    "n_estimators": 945,
    "num_leaves": 118,
    "min_child_samples": 101,
    "max_depth": 20,
    "min_child_weight": 166
}