{
    "n_estimators": 611,
    "min_samples_split": 0.1999897094746115,
    "min_samples_leaf": 0.09569943618982413,
    "max_depth": 9
}